20231026T,-3.198207,168.7646,164.9632,-1.375063
20231025T,-1.114297,172.3269,169.6917,-0.6784353
20231024T,0.3024559,175.2233,171.7665,-0.2650602
20231023T,-1.528697,174.4929,171.3522,-0.5410326
20231020T,-1.819186,174.3315,171.5443,-0.7888542
20231019T,-0.1413565,177.0018,174.3582,-0.4248115
20231018T,-0.8299093,177.3519,174.6161,-0.5244015
20231017T,-1.081517,178.3988,175.6814,-0.3658829
20231016T,-0.5607004,180.1616,177.3863,0.08820943
20231013T,-0.3743963,180.7383,177.639,-0.08840419
20231012T,1.646981,182.2778,180.1229,0.5936517
20231011T,1.467329,181.3556,179.0069,0.6042169
20231010T,1.307514,180.6598,177.6077,0.4344871
20231009T,2.354301,181.339,177.2646,0.8048998
20231006T,1.881844,179.2182,175.2228,0.7884403
20231005T,0.5088902,176.512,173.437,0.5057003
20231004T,0.1210413,174.9461,171.8473,0.2135454
20231003T,-0.07181263,173.5532,170.8236,-0.09319291
20231002T,1.620584,174.8781,172.1057,0.3637272
20230929T,0.5302505,173.3416,169.627,-0.1917267
20230928T,-0.6660881,172.5028,168.7108,-0.491809
20230927T,-2.084875,172.1423,168.8097,-0.7998485
20230926T,-2.358265,173.3754,170.3551,-0.836253
20230925T,0.1618395,177.141,174.4804,0.1246757
20230922T,-0.4243746,176.161,173.3183,-0.2815038
20230921T,-1.846208,175.6846,172.4861,-0.5403883
20230920T,-1.811027,177.4863,174.0398,-0.3624647
20230919T,1.234639,180.3329,177.5774,0.5684786
20230918T,1.811722,179.3475,176.3596,0.4062928
20230915T,-0.2834139,176.1248,173.7549,-0.326576
20230914T,-0.05619144,176.8931,174.3443,-0.2553591
20230913T,-1.983109,176.6083,172.8194,-0.9345088
20230912T,-1.457067,178.2227,174.903,-0.864114
20230911T,0.873497,180.5181,177.8702,-0.4054438
20230908T,-0.8994446,180.2365,176.623,-0.9807429
20230907T,-5.899208,179.7724,174.4711,-1.664478
20230906T,-4.034654,185.0528,181.1752,-0.968092
20230905T,0.8818541,190.3611,188.9615,0.6185369
20230901T,1.903461,190.3625,188.7575,0.9919357
20230831T,2.410972,189.7014,186.827,0.9501558
20230830T,4.175439,190.0754,186.1668,1.423028
20230829T,3.079791,185.6655,182.0209,1.016778
20230828T,1.228725,181.4056,179.0122,0.4761804
20230825T,-0.9693384,180.0167,176.6246,0.2028703
20230824T,-1.683982,178.7035,174.849,-0.3011745
20230823T,3.172906,182.6945,179.903,1.002965
20230822T,1.961158,178.4697,176.1645,0.2293474
20230821T,0.8626137,177.0705,174.1007,-0.01359702
20230818T,-1.165944,175.9003,172.6824,-0.4195748
20230817T,-2.126953,175.27,172.6773,-0.7690114
20230816T,-1.047976,177.6898,175.3946,-0.4045402
20230815T,-0.3627338,178.6893,176.177,-0.370508
20230814T,0.3878784,180.4204,178.0185,0.03572355
20230811T,-1.124449,178.7921,176.1794,-0.4502855
20230810T,-0.7562103,179.7592,176.0578,-0.7194275
20230809T,-1.458407,179.7637,176.0173,-1.114314
20230808T,-1.751306,181.9334,177.6368,-1.128852
20230807T,-4.980963,181.7934,176.9464,-1.937259
20230804T,-6.544209,183.9626,180.1471,-2.216062
20230803T,-2.046642,192.1379,190.0714,-0.677031
20230802T,-2.524138,193.3503,191.0347,-0.5237731
20230801T,-0.02615833,196.3653,194.8442,0.1840335
20230731T,0.7813034,197.6018,194.976,0.4169596
20230728T,1.381638,197.6493,194.1856,0.4558454
20230727T,-0.04056835,194.9615,191.6235,-0.09722892
20230726T,0.5466032,195.5156,193.2529,0.2285254
20230725T,0.5211267,194.7492,192.2614,0.1366449
20230724T,-0.1563988,194.5765,191.3285,0.05371442
20230721T,-1.266216,194.2386,190.4098,-0.2090255
20230720T,-0.9249268,195.7829,191.5249,0.03192205
20230719T,1.119764,197.0695,193.5607,0.5222779
20230718T,1.224487,195.2203,192.6853,0.3904571
20230717T,2.728774,195.3127,193.0928,0.683098
20230714T,0.9276247,192.1035,189.8307,0.1409736
20230713T,1.613607,193.0845,189.5336,0.2280384
20230712T,1.703238,192.307,188.8037,0.03613396
20230711T,-0.5575686,189.9461,187.0564,-0.3630933
20230710T,-1.834357,190.3275,187.1476,-0.4614028
20230707T,0.2944965,192.4909,189.7119,-0.1677971
20230706T,0.06599998,192.5931,190.3746,0.04963801
20230705T,-0.4241896,192.5138,190.4703,0.03501659
20230703T,1.238236,194.3516,191.7544,0.4690189
20230630T,3.444148,195.1081,193.0683,1.095385
20230629T,0.9614639,190.522,188.7579,0.4242165
20230628T,1.727938,190.7003,188.1633,0.5646045
20230627T,1.540751,189.4785,186.9388,0.5362705
20230626T,-0.1694422,187.0361,184.0997,-0.08484355
20230623T,0.4078169,188.2225,184.9718,0.2084302
20230622T,1.188102,188.1912,185.6869,0.4901703
20230621T,-0.8243151,185.3817,182.6082,-0.1192262
20230620T,0.1557865,186.653,184.6162,0.1086151
20230616T,0.2559719,186.8877,184.3052,0.2229349
20230615T,2.094605,187.9467,184.8224,0.6898142
20230614T,0.8526125,185.0797,182.518,0.3462228
20230613T,1.290818,184.7223,182.2909,0.4215269
20230612T,2.414489,184.7278,182.0747,0.7111654
20230609T,1.34803,182.6914,179.5656,0.2924293
20230608T,1.105893,182.2833,178.6787,0.3113856
20230607T,-0.7542477,179.8523,176.271,-0.2241089
20230606T,-0.6120367,181.8212,177.7046,0.1536599
20230605T,-0.645793,182.0247,177.4875,0.1296645
20230602T,1.94669,182.5888,179.6748,0.7168741
20230601T,1.786208,181.5352,178.548,0.8895155
20230531T,0.4795818,178.8856,176.1321,0.5170165
20230530T,3.50251,179.5022,176.1347,0.7533589
20230526T,4.73624,177.4431,174.4754,0.488939
20230525T,1.392888,174.1556,171.838,0.03180148
20230524T,-0.43151,172.8597,170.8732,-0.2646252
20230523T,-1.441628,172.6338,171.0013,-0.4886857
20230522T,0.1549177,175.0398,173.4537,0.05016902
20230519T,1.540548,176.6042,174.2781,0.3927337
20230518T,1.806938,176.19,173.8384,0.5851803
20230517T,0.6007147,173.4704,171.6049,0.04540367
20230516T,0.5630741,172.9086,171.3725,-0.1236815
20230515T,0.06545544,173.4762,171.2012,-0.1345958
20230512T,-0.3850222,173.9082,171.5059,-0.07394118
20230511T,0.457799,175.0817,172.9357,0.3803834
20230510T,1.032114,174.7926,173.0211,0.5888149
20230509T,-0.604373,172.9729,170.7905,0.1938621
20230508T,1.462802,174.9346,171.8912,0.7762827
20230505T,3.872311,175.3136,171.6098,1.340136
20230504T,-1.632328,167.6152,164.0365,-0.4404302
20230503T,-0.4315681,169.7957,166.0329,-0.0399843
20230502T,0.1945314,169.825,167.5409,0.1335772
20230501T,1.297315,170.574,168.6625,0.5160026
20230428T,2.234612,171.381,168.5132,0.7758418
20230427T,2.467217,169.4946,166.9255,0.8306079
20230426T,-0.03928185,165.3076,162.6142,-0.3058643
20230425T,-0.5465927,165.325,162.9617,-0.473003
20230424T,-0.05746555,166.4489,164.3429,-0.1644634
20230421T,-1.257018,166.345,163.8697,-0.2664583
20230420T,-0.2980528,168.1682,165.3443,0.170434
20230419T,1.444038,168.7613,166.7159,0.6261404
20230418T,1.343599,167.6997,165.8802,0.569015
20230417T,0.2449617,166.273,163.9538,0.25125
20230414T,1.518658,167.2263,163.8808,0.4850019
20230413T,3.151127,167.2397,164.3844,0.9559447
20230412T,0.2544432,161.7924,159.5371,-0.4220718
20230411T,-0.03811741,162.2385,159.8955,-0.6400736
20230410T,-0.8832188,163.2146,160.6293,-0.5816954
20230406T,0.3468895,166.2575,163.5365,0.1078165
20230405T,-1.438022,165.0619,162.9133,-0.1695066
20230404T,0.5767498,167.2043,164.6014,0.3967361
20230403T,2.203453,167.9736,165.3358,0.9323892
20230331T,2.609238,166.0419,163.5002,1.032835
20230330T,2.670791,163.7081,161.4013,0.7048227
20230329T,2.50893,162.1938,159.9604,0.6038694
20230328T,-1.094126,159.0664,156.2834,-0.328902
20230327T,-0.8998623,159.976,156.9319,-0.1188416
20230324T,0.6548395,162.211,158.9375,0.6895857
20230323T,1.06607,161.8102,157.755,0.6373831
20230322T,-0.03159904,160.7117,156.7605,0.3074055
20230321T,1.969498,161.1106,158.367,1.046311
20230320T,1.26462,159.0909,155.8234,0.8394344
20230317T,1.356254,157.5071,153.5067,0.4286759
20230316T,2.979454,157.8022,153.9585,0.9161557
20230315T,-0.7769022,154.6032,150.9046,0.273904
20230314T,0.9021931,154.9212,150.2292,0.5111513
20230313T,-0.1800213,152.9411,148.4576,0.06675043
20230310T,-1.976584,150.9368,146.9135,-0.6578631
20230309T,-0.6703386,152.194,149.2399,-0.2609882
20230308T,0.2622375,154.1101,152.0422,0.5594164
20230307T,-0.4506254,153.0459,150.2652,0.2994214
20230306T,3.458538,156.1746,152.9455,1.448303
20230303T,2.370011,152.6774,149.3774,1.022957
20230302T,-0.4950848,147.1852,144.217,-0.2998844
20230301T,-1.064728,146.9116,144.3331,-0.6186655
20230228T,0.3344984,148.8211,146.6784,-0.1883198
20230227T,0.866168,149.2607,146.9833,-0.219686
20230224T,-1.601625,147.7513,145.4784,-0.8486167
20230223T,-0.04692268,150.8248,148.1372,-0.2622587
20230222T,-0.7347813,150.1618,147.747,-0.6461574
20230221T,-2.518847,149.8857,147.4593,-1.110758
20230217T,-1.175464,153.9016,151.4252,-0.252758
20230216T,0.4574976,155.3967,152.963,0.02254236
20230215T,1.938824,156.6136,153.5683,0.6832474
20230214T,0.9114399,154.7889,151.4403,0.2777373
20230213T,1.71745,155.0272,152.3428,0.5020288
20230210T,-0.6885834,152.0902,149.7556,-0.1676037
20230209T,-0.9636621,152.9514,149.502,-0.2172595
20230208T,-0.2780733,154.1466,150.7285,0.1894173
20230207T,1.283438,155.8661,152.8338,1.024645
20230206T,-0.04415894,154.5516,149.8508,0.4986093
20230203T,3.693651,156.5001,151.8129,1.78317
20230202T,5.166943,153.5918,149.6915,1.820957
20230201T,1.526073,147.1776,143.8415,0.4733495
20230131T,0.2123528,145.162,143.0077,0.2600766
20230130T,-0.9771128,144.8517,141.7926,-0.131607
20230127T,2.543406,147.5134,144.6976,1.016712
20230126T,2.751722,145.9407,142.6104,0.9590805
20230125T,0.1557436,143.6685,140.0255,0.6567604
20230124T,2.531451,145.1155,140.591,1.226749
20230123T,3.480036,143.4732,139.3088,1.271666
20230120T,0.9103079,139.3881,136.3963,0.8571896
20230119T,-0.5970545,137.3577,134.1511,0.4177919
20230118T,0.867897,137.8156,134.1755,0.3988193
20230117T,2.304409,137.8224,134.7301,0.8112019
20230113T,1.820616,136.5703,132.9791,0.7568401
20230112T,1.567546,135.6801,131.9345,0.6064642
20230111T,2.172505,135.3048,132.3302,1.058427
20230110T,0.5253944,132.8713,129.0862,0.6189196
20230109T,2.062394,134.1147,128.5762,0.8029543
20230106T,1.114387,132.2104,126.6955,0.7596486
20230105T,-1.579181,127.1175,123.4791,-0.6425132
20230104T,-0.4669905,129.4289,124.4394,-0.329548
20230103T,-2.623972,127.6581,123.0713,-1.440091
20221230T,0.48734,131.2099,128.5894,0.03751115
20221229T,0.9807777,131.6847,128.0541,0.05076645
20221228T,-2.585908,127.856,124.6034,-1.729603
20221227T,-1.227705,131.346,128.5275,-0.9238051
20221223T,-0.9466581,133.5581,129.9922,-0.5491207
20221222T,-1.226287,134.2421,130.0523,-0.7797315
20221221T,1.91288,137.5059,133.4033,0.1183441
20221220T,-1.711908,133.9675,130.135,-1.171458
20221219T,-3.302745,134.0079,130.3317,-1.720324
20221216T,-4.073084,136.86,132.2699,-1.719079
20221215T,-5.539171,139.4349,134.5887,-1.887316
20221214T,-1.206537,146.1117,141.3353,-0.1940024
20221213T,1.688408,148.6122,144.0371,0.5674211
20221212T,1.149362,146.2207,142.5485,0.3255327
20221209T,0.503952,144.2045,140.1046,-0.2874111
20221208T,0.007395744,144.8555,140.804,-0.1732729
20221207T,-3.326411,143.687,139.0991,-1.019898
20221206T,-2.723002,145.7072,141.203,-1.09721
20221205T,0.03372002,149.1641,145.7831,-0.1492583
20221202T,-0.4830627,150.348,146.3684,0.1573842
20221201T,2.690309,152.6185,146.238,0.6019176
20221130T,3.429862,150.7574,144.2871,0.6121458
20221129T,-2.417045,143.0269,139.8656,-1.526919
20221128T,-2.637298,145.8371,142.9123,-1.254663
20221125T,-0.7856216,149.8846,147.1338,-0.434322
20221123T,1.827433,153.4693,149.7654,0.5064796
20221122T,0.4820194,151.7906,148.8641,0.3965935
20221121T,-1.759699,149.6706,145.8338,-0.4275438
20221118T,2.053569,153.6054,149.2527,0.4802999
20221117T,0.3393259,152.5524,148.7709,0.5782216
20221116T,-0.9024153,151.6356,147.766,0.3610872
20221115T,2.064651,153.4037,148.7572,0.8818108
20221114T,1.275369,152.2269,146.6753,0.817202
20221111T,5.626505,154.8255,147.3754,2.18517
20221110T,6.7885,150.8263,143.8309,2.138089
20221109T,-1.850123,136.2641,133.1687,-1.714563
20221108T,1.867125,141.409,137.878,-0.5574237
20221107T,-0.3105574,139.5293,136.09,-0.9825803
20221104T,-3.051594,140.3517,135.232,-1.627039
20221103T,-6.334111,139.5485,136.3642,-2.429005
20221102T,-3.599211,148.4772,142.7018,-1.481261
20221101T,-0.5285625,152.911,148.3401,-0.5365475
20221031T,2.140314,154.5056,150.3914,0.6900718
20221028T,4.240839,160.0289,153.9071,2.539253
20221027T,-3.481277,146.3836,142.5874,-1.079145
20221026T,-0.2150822,150.2862,146.9397,-0.010176
20221025T,3.245345,153.7012,150.4103,1.388276
20221024T,2.96244,151.4676,147.6164,1.346872
20221021T,1.316482,148.5383,145.2883,1.143519
20221020T,0.1198263,145.3803,142.0496,0.131496
20221019T,0.5273323,145.2147,141.8649,0.4117191
20221018T,2.296156,146.1757,141.8212,1.0265
20221017T,1.297169,144.0339,141.6491,0.608441
20221014T,0.05255032,142.7993,135.2235,-0.8531122
20221013T,0.7055435,143.5627,139.0815,0.8203818
20221012T,-0.1308498,139.8087,137.6563,-0.697837
20221011T,-0.768527,140.5421,137.8097,-0.7566106
20221010T,-1.76123,141.597,139.0869,-0.6238256
20221007T,-3.561353,140.3001,138.0723,-1.456786
20221006T,0.8603735,147.3435,144.2158,0.03157298
20221005T,1.587128,146.968,144.0773,0.2943993
20221004T,4.093269,148.1225,144.9116,0.8867101
20221003T,0.4039354,143.8148,140.4572,-0.1435379
20220930T,-3.621493,140.483,136.1421,-2.555784
20220929T,-4.26532,143.4477,138.3406,-2.415688
20220928T,-2.303418,149.1635,145.7403,-0.5868934
20220927T,0.7730703,154.3494,150.5519,0.06097293
20220926T,0.2686558,153.2991,149.4599,-0.4458448
20220923T,-2.304219,150.561,147.9465,-0.7126837
20220922T,-2.260135,153.5584,150.6609,-0.3466884
20220921T,0.2833261,157.127,152.2071,-0.3911472
20220920T,3.085359,159.0577,154.1347,0.6959279
20220919T,1.39607,155.3769,151.7632,0.2529693
20220916T,-2.264652,150.4399,148.5811,-1.12927
20220915T,-1.859399,153.4895,150.4243,-0.8192236
20220914T,-2.582441,157.2363,153.8557,-0.3451004
20220913T,-3.578542,155.801,150.2805,-1.500724
20220912T,5.072551,165.9813,162.1341,1.783839
20220909T,1.964077,158.5655,156.084,0.3502793
20220908T,0.1527071,155.3275,152.5408,-0.5665228
20220907T,0.3142557,156.7479,154.5212,-0.07610629
20220906T,-1.165105,156.1609,153.2582,-0.9170764
20220902T,-0.2490969,158.8213,154.0701,-0.9159592
20220901T,-0.7430983,158.1581,156.0562,-0.5720196
20220831T,-1.190066,159.2765,156.1452,-1.293076
20220830T,-1.97785,160.8545,156.9072,-1.212344
20220829T,-4.495445,161.7453,159.1739,-1.26034
20220826T,-2.422406,166.7655,161.4517,-1.341256
20220825T,1.577188,170.8606,169.0806,0.3022864
20220824T,-0.2405529,168.024,166.244,-0.3868917
20220823T,-1.815771,168.2417,166.3166,-0.6716052
20220822T,-3.772136,167.7357,165.782,-1.1813
20220819T,-1.773665,172.3331,170.294,-0.411481
20220818T,0.01312351,174.8687,172.911,0.3083856
20220817T,1.089247,176.3394,173.4548,0.6603336
20220816T,0.7042494,173.7147,171.6697,0.405691
20220815T,1.942892,173.9779,171.7589,0.9638108
20220812T,1.906264,173.3733,171.0883,1.146505
20220811T,1.486832,170.2681,167.5071,0.4201204
20220810T,2.551174,170.9247,168.5881,1.230258
20220809T,-0.4964447,165.7212,163.4362,0.09888636
20220808T,0.7092695,167.2472,163.7081,0.198323
20220805T,0.390089,165.6664,163.5008,0.2706165
20220804T,1.855323,167.4252,163.7548,0.8603033
20220803T,1.927425,167.7356,164.2977,1.697693
20220802T,-1.229108,161.26,158.9739,0.1065316
20220801T,1.619867,163.351,160.3425,0.7581531
20220729T,4.680675,165.8534,161.6581,1.786602
20220728T,1.618134,158.3995,154.9289,0.7499493
20220727T,2.141847,158.5256,155.1861,1.188058
20220726T,-1.539374,152.3107,150.1707,-0.2597204
20220725T,-0.747592,154.192,151.8675,-0.04688873
20220722T,1.030532,156.002,152.6594,0.4120898
20220721T,2.527388,156.3752,153.4248,1.100728
20220720T,2.469026,154.6309,151.1841,1.22419
20220719T,0.8394871,152.0712,149.0603,1.0393
20220718T,0.003961563,149.3766,145.5093,-0.3288682
20220715T,3.207299,152.1602,148.4838,0.8834943
20220714T,0.8486338,149.9377,145.4884,0.8871192
20220713T,-1.443828,145.7068,142.8496,0.115663
20220712T,0.2114286,148.4395,145.2115,0.4147851
20220711T,-0.646472,146.0353,143.3496,0.09391485
20220708T,1.715478,148.0855,145.4061,1.153959
20220707T,2.805023,147.5346,144.8436,1.462803
20220706T,2.989044,144.9693,141.3577,0.8333701
20220705T,1.916713,142.3525,139.1964,0.712435
20220701T,0.7402668,139.7721,136.8436,0.03630647
20220630T,-1.862433,136.9322,133.7547,-0.5831592
20220629T,-1.530275,140.9678,137.4398,0.3257129
20220628T,-2.248019,140.4235,135.3133,-0.5944431
20220627T,1.972134,143.02,140.756,0.8915325
20220624T,3.475591,143.1325,140.7535,1.673007
20220623T,1.685414,139.3106,136.9009,1.044306
20220622T,1.599016,137.2367,133.9028,0.369591
20220621T,3.671146,138.3344,134.9317,1.011164
20220617T,-0.5651951,133.208,130.25,-0.646808
20220616T,-2.152554,130.4571,127.3979,-1.850308
20220615T,2.137996,137.3658,134.0367,-0.1714115
20220614T,-1.414347,133.8272,131.4175,-1.490287
20220613T,-5.547592,132.7767,129.8713,-2.656776
20220610T,-5.494344,137.9527,134.9984,-2.181704
20220609T,-2.528336,144.6747,141.18,-1.329519
20220608T,0.5830307,149.2943,146.194,0.01377345
20220607T,0.4145174,149.2872,146.1972,0.5777472
20220606T,-0.6127129,148.0083,144.8939,-0.4204042
20220603T,-2.58848,145.8292,142.3266,-0.9185034
20220602T,-0.1170826,151.7523,148.6623,1.118375
20220601T,0.1641502,151.2693,147.4569,0.7197832
20220531T,2.441837,150.2528,146.612,0.8817335
20220527T,5.574244,152.4086,147.3936,2.215456
20220526T,1.123435,144.148,140.114,0.7189969
20220525T,0.103981,141.8214,138.4389,-0.3261436
20220524T,0.8627777,141.1109,137.0562,-0.5830736
20220523T,3.78789,145.3932,140.3899,0.8025388
20220520T,-1.873244,139.2208,134.182,-0.9998592
20220519T,-4.959526,139.3866,135.189,-2.047245
20220518T,-3.687482,142.7436,137.517,-1.956529
20220517T,2.62243,150.7904,148.2104,0.4739108
20220516T,1.609206,146.8927,143.5723,-0.7847567
20220513T,1.419974,149.3566,144.6779,-0.1023165
20220512T,-6.175826,143.4389,138.5238,-2.426668
20220511T,-3.7201,150.1096,143.5666,-2.201021
20220510T,0.002248764,157.0405,153.8579,-0.3320334
20220509T,-3.226466,153.6587,149.6004,-1.478177
20220506T,-2.913439,159.0482,154.6751,-0.6224563
20220505T,-2.698994,159.5819,152.2136,-1.433529
20220504T,4.624149,168.1802,163.4816,1.455096
20220503T,1.160656,161.1972,156.8352,0.253413
20220502T,-3.762689,157.601,154.539,-0.5693075
20220429T,-1.246122,162.0201,154.7691,-0.9973288
20220428T,3.705757,166.2228,162.4146,1.262798
20220427T,-1.474467,158.7043,155.3104,-1.25077
20220426T,-2.412023,159.3445,154.2489,-1.78607
20220425T,-3.000438,162.9548,160.0364,-0.356193
20220422T,-3.871128,164.6241,159.811,-1.135994
20220421T,0.6169777,170.1031,165.7088,-0.1978348
20220420T,1.848597,168.9662,165.8885,-0.02692008
20220419T,1.4028,168.2596,165.5347,0.2882189
20220418T,-1.500382,166.1512,163.6212,-0.6525596
20220414T,-0.8390551,168.4837,162.9943,-1.034587
20220413T,1.082295,171.5541,168.6873,0.4740078
20220412T,-0.4596119,170.1098,167.0069,-0.3233497
20220411T,-3.153055,166.7339,164.1217,-1.511785
20220408T,-0.4116993,170.9614,168.4314,-0.7943878
20220407T,-0.3897276,173.2678,170.257,-0.3253767
20220406T,-2.680142,172.039,169.509,-0.9760877
20220405T,0.03115368,176.9609,173.0829,-0.348967
20220404T,1.708819,179.6574,176.5696,0.7749301
20220401T,-2.554631,174.5063,171.9763,-0.2230229
20220331T,-1.788583,176.5408,173.2705,-0.2965169
20220330T,1.03701,178.5778,176.0478,0.5577273
20220329T,3.020686,179.4246,176.8946,1.335461
20220328T,1.075385,175.9696,173.4396,0.8655227
20220325T,1.830126,175.1778,172.6478,1.195919
20220324T,2.734686,174.7944,171.3197,1.631757
20220323T,2.221472,171.2717,167.4353,1.336968
20220322T,3.059159,169.2202,165.8756,1.491906
20220321T,2.49925,166.1112,163.0715,1.181287
20220318T,3.478274,164.653,160.9705,1.228959
20220317T,2.489592,161.338,158.5224,0.8362956
20220316T,3.724044,160.498,156.8571,0.8748612
20220315T,0.4425955,156.101,152.9999,-0.2710005
20220314T,-4.019734,152.1102,150.3602,-1.955218
20220311T,-3.207262,155.9103,153.6699,-1.000873
20220310T,-1.209045,159.759,157.1747,-0.8844091
20220309T,2.435061,164.7487,161.4043,0.4530436
20220308T,-2.647507,160.0197,155.7332,-1.081481
20220307T,-3.0303,161.2264,157.8112,-0.9980724
20220304T,-1.911069,164.1029,162.0081,-0.4173953
20220303T,1.303224,166.9008,164.6446,0.460648
20220302T,1.526266,167.4099,164.628,0.568086
20220301T,-0.5611906,164.062,161.2286,-0.3905225
20220228T,2.535927,165.986,163.383,0.2020411
20220225T,2.835276,165.5665,162.8331,0.3801387
20220224T,-1.230238,164.2154,158.9435,-1.130498
20220223T,-3.516005,162.192,158.9432,-1.37619
20220222T,-3.275791,165.8835,163.4211,-1.253119
20220218T,-2.933739,168.6265,166.1153,-0.6980819
20220217T,-1.558782,169.6698,167.1607,-0.5905228
20220216T,0.9171143,173.3625,170.7397,0.09500116
20220215T,2.385943,173.6487,171.4773,0.5131567
20220214T,-1.505368,170.1481,168.2435,-0.7014925
20220211T,-3.562527,170.417,167.6514,-0.9525751
20220210T,-2.062282,173.3742,171.011,-0.4415636
20220209T,2.345515,176.9326,175.1826,0.6607243
20220208T,1.622192,176.8042,172.9841,0.5114529
20220207T,-0.4909487,172.757,170.787,-0.1238083
20220204T,-1.172636,173.4406,171.7301,-0.02595021
20220203T,-0.6029129,173.4331,171.1995,0.1440736
20220202T,1.336148,175.8794,173.791,1.076786
20220201T,2.199379,175.1604,172.4112,1.56093
20220131T,6.297819,175.6961,170.9942,2.279306
20220128T,6.222252,171.3396,165.9074,2.057426
20220127T,-0.8921032,161.2308,157.2257,-0.6236466
20220126T,-0.598403,161.9033,157.318,-0.591241
20220125T,-1.379621,161.6383,158.129,-0.8213993
20220124T,-2.385303,163.544,159.4759,-1.407232
20220121T,-2.213031,164.9588,161.9028,-1.164918
20220120T,-2.451541,166.8212,163.5744,-1.124802
20220119T,-3.686762,168.1618,165.4329,-1.079098
20220118T,-2.046836,170.9888,169.1755,-0.6815321
20220114T,-0.8496332,174.0121,172.2113,-0.1624613
20220113T,-1.634373,173.0751,170.3654,-0.554688
20220112T,1.778811,176.4073,174.0937,0.3560511
20220111T,1.933916,175.7339,173.1378,0.2370809
20220110T,-1.100345,173.856,170.9229,-0.7228128
20220107T,-0.8309336,173.727,172.0775,-0.680025
20220106T,-3.479685,173.8699,171.8001,-1.19324
20220105T,-3.536042,176.5054,173.0851,-0.8516217
20220104T,-0.2125902,180.4271,178.1348,0.1285367
20220103T,2.534358,183.0148,179.2968,0.6900254
20211231T,-0.8077183,179.3042,177.1953,-0.0609144
20211230T,-0.4785767,179.3367,177.7301,0.06482983
20211229T,-0.1111698,180.2491,178.3757,0.4583902
20211228T,0.7971182,179.8361,177.6982,0.5996623
20211227T,2.982695,180.4912,177.3788,1.124814
20211223T,1.904181,176.9511,174.7587,0.5694789
20211222T,3.001235,176.5513,173.3932,0.4884868
20211221T,1.642869,174.0629,171.3835,0.2715159
20211220T,-1.412299,172.1504,169.3573,-1.058775
20211217T,-2.855477,174.1576,170.5824,-0.7183416
20211216T,-2.528307,174.7202,169.0585,-0.5715514
20211215T,1.923998,181.2753,176.2908,0.6709266
20211214T,-2.013698,176.5682,172.534,-0.07413132
20211213T,-0.4671812,177.3829,173.4133,0.4568338
20211210T,2.944454,180.2224,176.1274,1.56086
20211209T,2.072882,175.5972,172.4552,1.304502
20211208T,5.164458,176.4743,171.595,1.8268
20211207T,4.472383,172.5655,168.764,1.418476
20211206T,2.233194,166.3248,163.2851,0.9429804
20211203T,-2.73166,162.9108,159.7803,-0.06182345
20211202T,-1.145741,164.9405,160.8672,-0.2398271
20211201T,1.06813,166.8361,161.3105,1.105673
20211130T,3.965254,166.6499,162.1929,0.9608683
20211129T,0.9002399,162.0546,159.3305,0.3360587
20211126T,-2.527313,158.1198,156.1336,-0.6203069
20211124T,-0.2001028,161.9814,160.7415,0.6388401
20211123T,-0.4963417,162.666,159.301,0.5759049
20211122T,1.32612,163.4126,158.236,1.515563
20211119T,2.641572,162.0646,157.9087,1.549596
20211118T,2.999738,158.9727,154.1048,1.458915
20211117T,1.841845,154.7125,150.7327,0.7838951
20211116T,0.7349749,152.2194,150.0845,0.2720096
20211115T,0.7934246,151.4735,148.2534,0.2689016
20211112T,0.7067223,151.5966,148.6913,0.05500732
20211111T,-1.045502,149.2706,147.7916,-0.3375644
20211110T,-1.534517,148.641,147.401,-0.705058
20211109T,-0.1615381,151.688,150.2327,0.06881917
20211108T,-0.1768761,151.3259,150.0859,-0.05502909
20211105T,0.04846859,151.9573,150.0904,0.2013589
20211104T,0.4517384,151.751,150.2582,0.2633815
20211103T,1.281953,152.5572,150.0989,0.3111695
20211102T,0.6893139,151.1686,148.9046,0.0709768
20211101T,-0.6692705,149.5557,148.2251,-0.03671905
20211029T,-1.319444,150.5346,148.2178,-0.39649
20211028T,1.905469,153.7463,150.3783,0.8761636
20211027T,-0.6348419,151.1558,148.2652,0.02987639
20211026T,0.5818624,150.1295,148.2722,0.3238147
20211025T,-0.2018442,149.3563,147.9713,0.07171556
20211022T,0.247695,149.2312,147.8462,0.3186508
20211021T,1.174317,150.0209,148.1911,0.5229948
20211020T,2.094203,149.9809,148.0461,0.831698
20211019T,2.645099,149.0464,147.5141,1.133068
20211018T,1.174043,146.6864,144.4484,0.6318306
20211015T,1.882934,145.067,143.682,0.5378207
20211014T,1.889274,144.1733,142.7333,0.5461056
20211013T,-0.5225706,142.0919,140.6415,-0.3975656
20211012T,-0.6432428,142.8456,141.2975,-0.1967818
20211011T,-0.3153229,143.9735,141.7907,0.07893758
20211008T,0.623024,143.7031,141.8978,0.143694
20211007T,1.7155,143.9241,142.44,0.7429017
20211006T,0.4956675,143.0913,140.4525,-0.2287031
20211005T,-0.2886763,142.3452,139.832,-0.005785934
20211004T,-1.981202,140.539,137.9846,-0.8855568
20211001T,-0.4356289,144.1655,141.1751,-0.2830374
20210930T,-0.5975456,143.1466,141.1376,-0.6763811
20210929T,-0.6044703,143.7925,142.3525,-0.4461327
20210928T,-2.163992,143.1121,141.5593,-0.9210624
20210927T,-0.9012461,146.2383,144.7133,-0.1310819
20210924T,0.5211535,147.4314,146.1621,0.3221282
20210923T,1.388556,147.1861,145.807,0.470374
20210922T,1.508401,146.7675,144.4449,0.04119438
20210921T,-0.5137405,144.7019,142.3188,-0.7283283
20210920T,-3.322363,144.2837,141.7733,-1.296542
20210917T,-1.109634,147.8242,145.3483,-0.7445943
20210916T,-0.08026409,149.382,147.3302,-0.1321036
20210915T,-0.9372845,149.8405,146.7668,-0.4025308
20210914T,-1.634199,148.9801,146.1122,-0.9334582
20210913T,-2.706728,151.4871,147.5464,-0.7709969
20210910T,-3.797833,150.6947,147.8776,-1.396144
20210909T,-0.8821678,155.4982,153.4978,-0.0669823
20210908T,-0.2755661,156.1586,154.3138,0.1887507
20210907T,1.942347,158.0343,155.446,0.8645659
20210903T,0.4463921,155.38,153.2683,0.5381343
20210902T,0.40557,155.3812,152.6432,0.4956805
20210901T,1.106393,153.524,152.1253,0.3149176
20210831T,0.835247,153.1666,151.1873,0.3006233
20210830T,2.846756,154.1706,151.0025,1.058221
20210827T,-0.2406101,149.4777,147.3872,0.1157072
20210826T,-1.018567,149.0675,146.7925,-0.1145934
20210825T,-0.8432026,149.403,147.6928,0.04500113
20210824T,0.7557154,151.0201,149.0023,0.4325073
20210823T,1.342667,150.7884,148.6964,0.45088
20210820T,0.2560968,149.252,146.9821,0.1484261
20210819T,-2.370578,147.887,145.3302,-0.3260966
20210818T,-2.27217,147.5268,146.1202,-0.7783062
20210817T,0.3965464,151.2217,149.6166,0.316979
20210816T,1.023853,151.0207,149.6054,0.6682926
20210813T,0.9523754,149.8784,148.2894,0.5395812
20210812T,1.413331,149.1351,147.2533,0.6976244
20210811T,-0.4169111,146.7673,145.0426,-0.1337716
20210810T,-0.2298536,146.8783,144.964,-0.2774746
20210809T,-0.3543777,147.6755,145.576,-0.03366388
20210806T,-0.5418873,147.6261,145.7559,-0.0364689
20210805T,0.09942436,147.762,146.682,0.1648596
20210804T,0.2452164,147.9563,146.4832,0.1996727
20210803T,0.713541,147.9364,146.3039,0.2990074
20210802T,0.3117504,146.6595,145.037,-0.1448042
20210730T,0.02768803,146.9505,144.9818,-0.2103519
20210729T,-0.3776884,147.4573,144.6006,-0.1613719
20210728T,-2.454848,146.5881,143.6626,-0.5245761
20210727T,-1.320192,147.9345,145.9707,-0.2569038
20210726T,0.8242407,149.6748,148.1095,0.5062655
20210723T,1.415821,149.9689,147.5108,0.6706076
20210722T,1.62249,148.2746,145.9247,0.439582
20210721T,0.6533947,147.0059,144.4079,-0.05490447
20210720T,0.997714,146.918,144.2435,0.08819976
20210719T,-3.912636,144.3755,141.6048,-1.127625
20210716T,-1.324961,147.5636,145.6531,-0.151225
20210715T,0.3743715,149.2703,147.7288,0.5164368
20210714T,2.352834,150.8702,148.1192,1.254837
20210713T,0.4221821,147.104,144.7463,0.5720912
20210712T,0.3785505,146.3803,144.2778,0.4453557
20210709T,1.089117,146.3756,144.3098,0.8775495
20210708T,-0.2381868,143.9669,142.6042,0.4708575
20210707T,2.330752,145.3811,143.8833,1.340663
20210706T,2.305902,142.8653,141.3242,1.144215
20210702T,2.02421,140.9757,139.1889,1.117907
20210701T,0.5636234,138.0886,136.7542,0.5347171
20210630T,1.239827,137.6125,136.3277,0.676622
20210629T,1.409009,137.1125,135.3376,0.5566139
20210628T,0.802187,135.6724,133.9918,0.3936301
20210625T,-0.5007086,134.1665,132.8022,0.09225431
20210624T,0.06423569,134.6987,133.2655,0.3291806
20210623T,0.9427891,134.8605,133.5701,0.5165722
20210622T,1.473758,134.9196,132.9626,0.9169819
20210621T,0.4758387,132.4106,131.1363,0.4625671
20210618T,-0.160717,131.8473,130.1096,0.1039622
20210617T,0.9579382,132.5725,130.7941,0.8205847
20210616T,0.2925568,130.3468,129.3768,0.4407284
20210615T,0.6812029,130.456,129.1434,0.3662582
20210614T,1.883231,130.2361,128.8202,0.9840279
20210611T,-0.1719055,128.1597,126.2664,0.257167
20210610T,-0.6800861,126.4028,125.3828,-0.03440895
20210609T,0.2099571,128.1505,126.347,0.4007202
20210608T,1.024835,127.9334,126.0319,0.4634666
20210607T,0.4534655,126.8822,125.0435,0.3230768
20210604T,0.6035318,126.3642,124.6124,0.3723435
20210603T,-1.003757,124.1236,122.746,-0.4961697
20210602T,-0.06396103,125.8616,123.9517,-0.07150994
20210601T,-0.8066397,124.7271,123.2907,-0.4793694
20210528T,-1.458781,125.6352,123.6926,-0.5439085
20210527T,-1.096832,126.4135,124.5219,-0.4035455
20210526T,-0.3861036,128.2124,126.0935,0.1445765
20210525T,-0.007740974,128.3202,126.0118,0.370838
20210524T,0.1031828,128.1499,126.1003,0.5057123
20210521T,-0.1857986,126.9586,124.837,-0.2019272
20210520T,1.396732,128.0899,125.9971,0.6866562
20210519T,-1.435572,125.718,123.6397,-0.4462019
20210518T,-0.7630882,126.4652,124.3261,-0.143913
20210517T,-0.1745672,126.7956,125.445,0.1466715
20210514T,1.982026,128.4036,126.3141,0.4649231
20210513T,0.9294758,126.4178,124.1593,-0.5654196
20210512T,-1.994048,124.4422,122.0103,-1.440848
20210511T,-2.708999,126.6919,124.292,-0.8498484
20210510T,-1.791376,128.2616,126.2039,-0.909294
20210507T,1.042473,131.8044,129.0552,0.1707087
20210506T,-0.316638,130.3433,127.9471,0.01062708
20210505T,-1.691708,129.4888,126.6099,-0.7228795
20210504T,-3.748241,128.802,126.4376,-1.595849
20210503T,-0.4301577,133.1008,131.1697,-0.2283728
20210430T,-2.581261,132.4992,130.2297,-0.7228575
20210429T,-0.6395836,134.2884,132.2582,-0.143714
20210428T,-0.6502562,134.9878,132.9883,-0.02660704
20210427T,0.4948301,134.8172,133.2257,0.3177815
20210426T,1.41898,135.712,133.7123,0.3995603
20210423T,1.500701,135.1026,132.5757,0.1475448
20210422T,-0.5529604,133.409,129.7413,-0.3383954
20210421T,-0.4118528,134.8382,132.173,-0.1695092
20210420T,-0.3186646,134.6665,132.3658,-0.2095263
20210419T,1.091313,135.577,132.9741,0.3639421
20210416T,1.17903,134.8667,133.5067,0.2657339
20210415T,0.5570364,134.8817,133.3052,0.7113479
20210414T,-0.2729435,133.8183,130.8642,0.1807246
20210413T,1.008991,135.139,132.7186,1.29238
20210412T,0.319725,132.9548,130.7467,0.6613835
20210409T,2.91258,133.9852,131.5497,1.617904
20210408T,1.924123,130.9107,128.8088,1.321389
20210407T,1.202936,128.6708,126.5454,1.067233
20210406T,1.201759,126.7285,125.0504,1.045963
20210405T,2.251288,126.2191,124.2375,1.350897
20210401T,0.7658138,124.3906,122.8475,0.4765223
20210331T,0.5564442,122.2977,120.3108,0.5103642
20210330T,-0.6859856,121.2125,119.3202,-0.5430223
20210329T,0.5019655,122.3222,120.2013,0.08904028
20210326T,-0.03984642,121.7456,119.2844,-0.004395378
20210325T,-1.058529,120.9693,118.7548,-0.4934301
20210324T,-1.905934,121.0906,117.7482,-0.5380961
20210323T,0.6590509,123.8366,120.9085,0.08557213
20210322T,1.727446,124.0196,120.8081,0.1121897
20210319T,-1.923059,120.9289,119.263,-0.8343525
20210318T,-2.370038,121.8904,118.3172,-0.748975
20210317T,0.1858788,126.8731,123.4441,0.4116462
20210316T,1.560248,126.6659,123.8293,1.122223
20210315T,2.332806,124.3332,121.3702,1.142343
20210312T,0.3360748,121.6526,120.0926,0.07532163
20210311T,0.9316149,121.9304,120.244,0.6542184
20210310T,0.7132282,120.5669,117.5144,-0.1798617
20210309T,1.083052,121.5448,118.216,-0.1091046
20210308T,-2.201147,118.5845,113.0167,-1.448686
20210305T,-0.5202465,122.3143,118.302,-0.4828635
20210304T,-2.73947,121.0466,116.4731,-1.271906
20210303T,-2.62679,123.336,119.1868,-0.710036
20210302T,0.7251139,126.5626,122.7743,0.3902001
20210301T,3.308607,127.5411,123.9781,1.270726
20210226T,-1.45381,122.8683,118.6118,-1.489613
20210225T,-2.026577,124.1426,117.4036,-1.561432
20210224T,-0.7893686,127.6497,121.9252,-0.435752
20210223T,-0.06887245,128.5446,122.2593,-1.229708
20210222T,-1.522862,128.3316,125.1232,-1.524915
20210219T,-0.01510525,131.1597,127.8583,-0.7307787
20210218T,-2.535023,130.8444,127.5502,-1.086643
20210217T,-2.674622,132.5667,130.4798,-1.228277
20210216T,-0.4300709,134.7082,132.3495,-0.523779
20210212T,-0.1015596,136.3303,134.1993,-0.0450803
20210211T,-0.4405622,136.1368,133.9733,-0.248553
20210210T,-0.8273449,136.6174,134.6114,-0.2891624
20210209T,0.4931993,136.906,135.319,-0.02961508
20210208T,0.6091852,137.6748,135.6953,0.3310716
20210205T,1.198474,137.5301,135.9701,0.5357629
20210204T,2.313842,136.9869,134.9124,0.6857139
20210203T,0.2539234,134.8006,131.8802,-0.5961519
20210202T,0.6416903,135.9203,132.7573,-0.4720204
20210201T,-1.367146,135.4839,130.4662,-1.115917
20210129T,-4.802789,134.9851,130.0034,-2.024128
20210128T,-2.446529,138.9734,135.1944,-1.083517
20210127T,-0.5421572,144.013,138.1379,0.799679
20210126T,1.613144,145.348,141.058,1.53021
20210125T,3.271836,144.5359,138.5069,2.70992
20210122T,3.367931,140.8069,137.3199,2.125556
20210121T,5.051005,138.1867,135.3839,2.288305
20210120T,2.556382,132.3245,129.5907,1.14678
20210119T,-1.896027,128.2169,126.8154,-0.4684743
20210115T,-2.60792,128.2264,126.0268,-0.7749776
20210114T,-1.26369,130.9614,128.4533,-0.3189868
20210113T,0.6887178,131.8336,129.2649,0.2279425
20210112T,-1.072474,129.4295,126.7882,-0.4498077
20210111T,-0.8613052,130.3084,127.5258,-0.4013256
20210108T,1.944556,132.6384,130.3281,0.5902693
20210107T,0.6179667,131.3439,127.8296,-0.1559861
20210106T,-2.265398,128.3608,125.5289,-1.263669
20210105T,-1.170946,132.4966,128.8035,-0.518488
20210104T,-2.235738,131.984,127.4016,-1.125114
20201231T,-1.339983,133.2396,131.6499,-0.2676412
20201230T,-1.569364,134.8736,132.9376,0.1343991
20201229T,0.6152878,136.8214,135.0062,0.8543388
20201228T,2.736039,136.5721,134.7261,1.527973
20201224T,0.3214788,131.919,130.1807,0.6666157
20201223T,0.4122753,133.0632,130.5997,0.2790693
20201222T,3.529731,133.0606,129.5735,1.497734
20201221T,-0.07876968,129.9641,125.9593,0.3659469
20201218T,-0.5314274,127.7627,126.4888,0.09707674
20201217T,0.6214743,129.1076,127.8376,1.336004
20201216T,1.807481,129.0945,126.9116,1.19131
20201215T,3.682653,127.8927,125.6114,1.246075
20201214T,-0.02257729,122.8876,120.6206,-0.3910029
20201211T,0.08840847,123.776,120.8873,-0.01071279
20201210T,0.1145248,124.8181,121.2497,-0.01790317
20201209T,-0.4527607,123.6032,120.0775,-0.1662196
20201208T,0.7799368,125.4878,123.7302,0.4946066
20201207T,1.150719,124.4336,122.6679,0.4786259
20201204T,-0.4758739,123.1455,121.8755,0.1287897
20201203T,0.5482998,123.6656,121.6706,0.8732718
20201202T,1.049894,124.5493,122.152,1.444243
20201201T,2.57538,123.2683,121.142,1.785879
20201130T,1.143584,119.3178,117.7614,0.8243741
20201127T,0.4242945,117.2387,115.941,-0.02915833
20201125T,0.5710258,116.8885,114.8812,0.01910058
20201124T,-0.7413902,116.069,113.3807,-0.8095478
20201123T,-1.81116,115.4537,113.969,-1.330954
20201120T,-0.4460936,118.254,116.2223,-0.3018943
20201119T,-0.5363083,119.4903,117.5785,-0.2738026
20201118T,-0.8579302,119.0831,117.0495,-0.3569877
20201117T,-0.1747999,120.8146,118.9982,0.06837418
20201116T,1.507207,120.8142,118.8841,0.551415
20201113T,0.4378462,119.7885,117.9266,0.2414482
20201112T,1.278821,120.5957,117.6112,0.3648559
20201111T,2.420671,119.9354,116.0284,1.11369
20201110T,-0.4614782,117.5759,114.55,-0.3106826
20201109T,2.038774,117.1905,112.7151,0.7444178
20201106T,1.443257,119.7337,117.9628,1.482782
20201105T,4.467786,118.8482,117.4282,2.177792
20201104T,3.025876,115.0314,112.2023,1.027865
20201103T,1.652512,112.8023,109.0137,0.111254
20201102T,-1.176304,111.4684,107.5256,-0.9543232
20201030T,-1.527452,110.8204,106.7675,-1.830895
20201029T,0.642498,116.6331,112.9529,0.07109514
20201028T,-1.910973,112.9198,108.7067,-1.835398
20201027T,2.011171,118.1385,114.8173,0.2892023
20201026T,0.002859116,116.4055,112.7757,-0.16088
20201023T,-0.9208527,116.1784,113.6358,-0.7479275
20201022T,-0.5696812,117.0664,114.3306,-1.086721
20201021T,0.4739952,118.3746,114.9543,-0.3495042
20201020T,0.4272518,119.8259,116.2021,-0.03268819
20201019T,-1.592577,118.5644,114.174,-0.9963549
20201016T,-0.7964382,120.5736,116.7696,-0.522889
20201015T,0.07304382,122.1891,118.7717,-0.0883315
20201014T,-0.01688766,123.9205,120.2409,0.3008333
20201013T,1.579966,123.8829,119.0085,0.6574793
20201012T,6.503927,127.0416,123.8969,2.969511
20201009T,1.256218,118.6802,116.1226,0.7684885
20201008T,0.7050514,116.8477,113.9464,0.3826302
20201007T,0.09620857,117.1474,114.0093,0.308351
20201006T,-0.2557259,114.973,111.8299,-0.653856
20201005T,0.9080429,117.9466,114.4256,0.5385664
20201002T,-1.582691,114.717,111.406,-0.8665178
20201001T,1.228752,118.4576,114.9543,0.9795589
20200930T,1.027781,117.5093,113.5842,1.333538
20200929T,0.9707451,115.4277,112.0467,0.7799119
20200928T,3.56757,116.3111,112.1846,1.395555
20200925T,3.290211,114.113,109.753,1.551716
20200924T,-0.3979359,111.0359,106.4647,-0.0816646
20200923T,-1.68679,109.3395,104.88,-1.439807
20200922T,2.922867,112.811,109.9637,-0.11432
20200921T,2.501308,111.8873,109.3855,-0.5272059
20200918T,-1.64974,108.9152,105.5375,-2.198297
20200917T,-1.100248,112.7941,108.4429,-1.076379
20200916T,-1.351364,115.064,110.2199,-0.9877175
20200915T,1.590954,117.398,112.7297,0.1531359
20200914T,1.718998,117.6474,113.1112,0.3392928
20200911T,-1.526196,115.0687,109.4426,-1.158723
20200910T,0.2618313,115.7996,109.9962,-1.399753
20200909T,0.5415783,120.5192,115.6073,-1.339767
20200908T,-4.276102,117.1814,110.1146,-3.584512
20200904T,-2.602143,126.3376,118.438,-1.704344
20200903T,-6.721437,125.448,117.948,-2.646647
20200902T,0.04673195,133.3559,128.1005,0.3562874
20200901T,5.225492,135.8722,132.8209,2.343992
20200831T,3.006874,130.814,128.3344,1.493289
20200828T,0.3012009,126.8521,124.5247,-0.0003790199
20200827T,0.3421783,126.6258,123.4117,0.3321244
20200826T,1.389544,127.5146,124.781,1.315588
20200825T,0.1634846,126.5204,123.8191,0.7473603
20200824T,3.783438,127.774,123.7701,1.99557
20200821T,5.445683,125.7314,122.3031,2.662013
20200820T,2.123983,119.9888,116.8899,1.115218
20200819T,0.9003029,117.1471,114.7372,0.3727902
20200818T,0.351738,116.5918,114.5636,0.4736263
20200817T,0.5839653,116.054,113.1988,-0.01975003
20200814T,1.093122,116.2509,113.4999,0.2808896
20200813T,2.901426,117.1177,113.7992,1.373197
20200812T,1.706783,115.8461,111.4481,1.305526
20200811T,-0.9387474,112.1919,107.7302,-0.1989177
20200810T,0.7681637,115.4482,111.2904,1.035937
20200807T,-0.4005547,112.6233,109.6474,0.03469411
20200806T,3.607157,114.6229,111.8364,2.11163
20200805T,0.8032551,110.1206,106.8251,1.903834
20200804T,1.633375,110.882,107.7058,2.422606
20200803T,5.048462,110.1215,107.2488,3.413326
20200731T,8.173613,107.7785,104.9166,4.249185
20200730T,2.627499,97.08293,93.63333,0.9764372
20200729T,1.042759,96.06232,93.00971,0.7478966
20200728T,0.04459381,94.78281,91.80127,-0.5873756
20200727T,1.75687,96.41422,93.24403,-0.2674241
20200724T,-1.153151,95.59595,91.80778,-1.288236
20200723T,-1.999462,95.6405,91.52979,-1.780977
20200722T,0.2853794,99.31631,96.35935,0.03371215
20200721T,1.246975,99.30025,96.38981,0.04441518
20200720T,1.643015,100.3461,97.64623,0.9504345
20200717T,0.3960247,98.72362,95.98619,0.2487475
20200716T,-0.7494583,98.21344,95.09383,-0.1647723
20200715T,0.9335403,99.20935,96.60352,0.5395153
20200714T,0.8071136,98.99671,96.29782,0.745774
20200713T,1.630674,97.67942,94.5034,0.6161593
20200710T,1.382481,96.19318,94.29218,0.3756013
20200709T,1.342581,96.02073,93.67878,0.3483589
20200708T,1.552771,96.86337,95.05262,0.9468229
20200707T,1.266954,95.54043,92.98115,0.8140309
20200706T,2.082399,95.88952,92.77139,1.538793
20200702T,1.114834,94.43241,91.31947,0.537092
20200701T,0.3532391,93.36894,90.38393,0.6002315
20200630T,1.435305,91.62553,89.48988,0.6697568
20200629T,0.401226,91.41345,88.13711,0.1869224
20200626T,-1.382959,88.84269,86.93006,-0.7970299
20200625T,-0.1347027,91.32474,89.76756,0.1853437
20200624T,0.1332722,91.35451,88.41467,0.3294904
20200623T,2.146368,92.88448,90.92207,1.41395
20200622T,1.31673,90.54987,88.66411,0.2819636
20200619T,0.5843143,88.77005,85.6207,0.02707327
20200618T,0.7222481,89.49593,87.30006,1.197543
20200617T,0.6079597,89.4794,86.58261,2.262571
20200616T,-0.011446,87.81644,85.44082,1.478129
20200615T,0.8120537,85.2076,83.44336,-0.100777
20200612T,-0.4555187,85.78078,83.81914,-0.8381168
20200611T,-1.074398,85.65707,82.99448,-1.165995
20200610T,2.49341,89.59532,87.39305,1.767717
20200609T,2.489985,88.08556,85.56438,1.365124
20200608T,1.538221,85.19949,82.73162,1.04251
20200605T,2.295679,85.37646,82.79853,1.378045
20200604T,0.7695293,82.58279,80.63124,0.3977054
20200603T,1.390085,82.17134,80.39098,0.459922
20200602T,0.8855267,81.15051,79.62072,0.4967025
20200601T,0.6387691,81.16218,79.01234,0.09833109
20200529T,-0.2311096,80.772,78.49635,-0.1152436
20200528T,0.7112141,81.45363,79.23907,0.6947584
20200527T,0.6878529,80.80378,78.97496,-0.2401114
20200526T,0.1554604,80.62167,77.72576,-0.5963371
20200522T,0.2160416,81.84978,78.43866,0.0003712426
20200521T,0.9124737,81.54716,76.33373,0.7153537
20200520T,1.919727,82.24786,78.93213,1.740722
20200519T,1.615391,79.93128,77.46413,1.420134
20200518T,1.253401,79.25658,76.58628,1.084167
20200515T,-0.509428,76.23394,74.58228,-0.4237975
20200514T,-0.650032,77.68777,76.02187,-1.060099
20200513T,-0.4498177,79.20174,76.81778,-0.7990708
20200512T,0.2462959,80.37875,77.47478,0.6090939
20200511T,1.42495,80.30023,78.68612,1.490556
20200508T,2.517033,79.50989,77.04157,1.373837
20200507T,2.748392,78.13373,75.00089,1.587715
20200506T,0.8400898,75.70996,72.8293,1.830559
20200505T,0.4663696,74.46616,72.78619,0.7241986
20200504T,0.005126953,75.02416,71.93929,0.2359007
20200501T,-0.03163719,74.58691,70.88563,0.299949
20200430T,2.09737,75.36018,72.31461,1.973293
20200429T,1.572958,74.07336,71.61266,0.6935635
20200428T,0.27738,72.106,69.22757,-0.2534927
20200427T,1.069309,72.38955,69.50858,0.7887931
20200424T,0.8036556,71.74414,69.73208,1.449576
20200423T,0.1522484,69.06001,67.20992,-0.4372751
20200422T,0.3258114,70.23798,68.54585,-0.4797462
20200421T,-0.8285713,69.6569,66.67731,-0.5426874
20200420T,-0.6158485,70.03795,68.43867,0.1362071
20200417T,-0.5216789,69.74767,67.98146,-0.6676551
20200416T,0.06041145,71.29351,69.80555,0.213393
20200415T,0.8179455,71.65865,70.08287,1.376752
20200414T,2.420605,72.31005,70.39841,2.051456
20200413T,1.368896,70.33438,67.57996,0.9699909
20200409T,1.180567,69.76662,66.12867,1.913254
20200408T,0.9457951,69.29967,65.56699,2.851223
20200407T,1.697142,66.61832,62.98446,2.442883
20200406T,3.252214,66.15027,64.62027,2.125723
20200403T,0.2837143,60.82117,59.29117,-1.468555
20200402T,-0.7612953,62.02146,59.71646,-1.535912
20200401T,-1.345495,62.47157,58.86371,-1.118749
20200331T,0.2479877,65.09647,61.68924,0.6727488
20200330T,-0.2612038,66.20935,62.70824,0.9226649
20200327T,-0.4734592,64.16279,60.18472,0.8263003
20200326T,2.476236,65.85894,61.47806,2.642164
20200325T,1.626694,62.58728,57.39082,0.5262637
20200324T,2.375811,63.26436,58.87232,1.775643
20200323T,-1.621838,59.37447,55.1292,-2.464817
20200320T,-0.9095001,60.29827,55.36279,-1.350369
20200319T,0.8041153,63.01117,60.57923,-1.477266
20200318T,-0.6508293,62.72662,57.50062,-0.9356376
20200317T,-1.8248,65.11515,60.33539,-1.447485
20200316T,-2.978004,62.59146,57.55312,-3.547827
20200313T,1.659388,70.57227,66.88381,0.7609492
20200312T,-3.422284,64.10442,59.89703,-3.941107
20200311T,0.264183,67.52293,66.55881,-1.472831
20200310T,0.2795734,71.26727,68.49873,-1.26481
20200309T,-4.028732,68.84224,65.06708,-3.527087
20200306T,-1.7922,73.53323,70.50397,-1.008894
20200305T,-0.7225952,74.58501,69.88843,0.5375036
20200304T,0.8334637,77.3023,73.92284,2.317151
20200303T,1.058325,74.36375,70.43799,0.2998949
20200302T,3.807186,75.39658,71.80894,1.610918
20200228T,-1.093967,69.68509,66.4957,-1.986206
20200227T,-1.829399,70.0717,66.92229,-2.793858
20200226T,0.1040955,74.79977,72.41946,-1.833667
20200225T,-1.931448,74.27821,71.21792,-3.231933
20200224T,-2.554994,76.57129,73.76458,-2.31497
20200221T,-1.09914,79.75251,78.03718,-0.7342183
20200220T,-0.1077442,81.01818,79.49805,-0.3032694
20200219T,0.656105,81.47869,80.23997,-0.3737889
20200218T,-1.106791,80.21186,78.37212,-1.179776
20200214T,0.204895,82.43702,80.36703,-0.0213153
20200213T,0.8064117,82.86402,80.64191,0.508451
20200212T,1.717699,83.97047,81.91888,1.204149
20200211T,0.2536564,81.99165,79.01144,-0.142542
20200210T,0.1579514,81.85712,79.55674,-0.2076409
20200207T,-0.1075859,81.55452,79.13083,0.07141067
20200206T,1.765133,83.48444,81.94363,1.418492
20200205T,2.174133,82.14548,79.96168,1.265051
20200204T,1.808855,80.18798,78.02099,0.6366948
20200203T,-1.280184,78.39173,75.86383,-1.522278
20200131T,-1.912504,79.22067,76.01997,-1.26864
20200130T,0.2536945,82.05904,80.51256,0.8223295
20200129T,2.001156,82.2239,80.44999,1.107391
20200128T,0.5382233,80.38888,78.72379,-0.1401489
20200127T,-1.748537,79.07703,77.11494,-1.270274
20200124T,0.5839844,81.70593,79.36874,0.2510606
20200123T,0.1304092,81.16505,78.65609,0.2259758
20200122T,-0.05619621,80.89998,79.08096,0.1722562
20200121T,-0.04920387,80.50443,78.72168,0.1130067
20200117T,1.345955,80.86651,79.21683,0.7274453
20200116T,0.2700787,79.59209,77.94987,0.4011984
20200115T,-0.5370941,79.12871,77.23438,-0.1546212
20200114T,0.07086372,79.09188,77.19296,0.07442074
20200113T,1.811729,80.86592,78.78929,1.574276
20200110T,0.7020836,79.00406,76.80645,1.432566
20200109T,1.62785,78.38145,76.72605,1.695726
20200108T,0.6771584,76.46456,75.59453,0.4940065
20200107T,0.5515728,75.24358,74.42831,-0.1600145
20200106T,0.4977074,76.02428,73.91901,0.7336958
20200103T,0.3869705,75.41123,72.91455,0.7104778
20200102T,1.138929,75.79432,74.11697,1.06795
20191231T,0.6833401,74.14539,72.6679,0.2664591
20191230T,0.79175,73.91488,72.33139,0.3455311
20191227T,0.8424759,73.22142,71.57503,0.3278891
20191226T,1.131721,73.60431,71.79239,0.9158291
20191224T,0.6995258,72.33272,70.33158,0.8424794
20191223T,1.038483,72.12337,70.32907,1.415906
20191220T,0.181221,70.58563,68.93425,0.1586598
20191219T,-0.1305962,70.02824,69.53378,-0.4065515
20191218T,-0.1460114,70.89946,70.01354,0.049826
20191217T,1.086647,71.61163,70.43467,0.9418657
20191216T,1.383997,71.28484,69.22148,1.413474
20191213T,1.048397,69.98239,67.82362,0.9961578
20191212T,0.3684444,68.81187,67.06209,0.162121
20191211T,0.9509659,68.77352,67.41895,0.5189172
20191210T,0.3727341,68.2777,66.8819,0.2761722
20191209T,0.09062767,67.90102,66.00577,0.7924491
20191206T,1.411432,68.43874,67.12784,1.615178
20191205T,0.9440002,66.35365,65.88615,0.5620135
20191204T,0.1693897,65.32829,64.86079,-1.296507
20191203T,-1.259291,65.23415,64.00791,-1.520926
20191202T,-0.5480804,67.5995,65.31342,-0.7542289
20191129T,0.174202,68.38983,66.34724,0.6606381
20191127T,0.7791367,68.49276,66.55262,1.416399
20191126T,0.3441849,66.79618,65.19023,0.2242575
20191125T,1.064365,67.08673,66.61923,0.1795633
20191122T,0.1395416,66.01563,65.47414,1.12292
20191121T,0.2235909,65.54768,65.08018,0.5774707
20191120T,-0.2233963,65.2345,64.94209,-1.037919
20191119T,-0.09567833,66.19923,65.62365,-1.001889
20191118T,0.4138775,66.42435,65.77837,0.729202
20191115T,0.1399212,66.91076,64.62752,0.07484264
20191114T,-0.4323978,66.19135,64.6522,-0.1617822
20191113T,0.3043442,66.96367,65.84416,0.5933685
20191112T,0.2727642,66.27301,65.18491,0.496109
20191111T,0.749733,66.36754,65.05827,0.8587989
20191108T,0.3716984,65.01646,63.57258,-0.1941538
20191107T,-0.1733437,65.65836,63.36091,0.2270429
20191106T,0.1106682,66.26878,64.81006,0.8931276
20191105T,1.098261,65.8855,64.40702,1.261223
20191104T,1.623388,65.30228,64.00183,0.9962845
20191101T,2.033514,64.64137,62.62193,0.3328602
20191031T,1.059208,63.62495,61.34747,0.5512168
20191030T,0.03632355,62.93021,60.72289,0.6455992
20191029T,0.1422348,62.67783,60.83717,0.4249687
20191028T,0.8815632,62.77952,61.73542,0.6554086
20191025T,0.4068279,61.83232,60.4837,0.3046894
20191024T,0.6487541,61.49688,59.82327,0.2971511
20191023T,0.6982613,61.4542,60.32213,0.7312165
20191022T,0.04328728,61.30705,58.93217,0.4404884
20191021T,0.8270226,61.88369,60.2026,0.8286204
20191018T,0.6404858,60.98129,58.79577,0.4824772
20191017T,0.7362156,59.80748,58.14066,0.400924
20191016T,0.1884117,59.39617,57.92615,0.04754009
20191015T,0.002372742,59.68317,58.16759,-0.08020673
20191014T,0.7867355,60.38191,58.96651,1.050046
20191011T,1.920223,60.33544,58.84814,1.512641
20191010T,1.370642,58.29879,57.04982,0.3857165
20191009T,0.7981968,57.92944,56.59718,0.2652637
20191008T,0.3461189,57.51619,55.68569,0.5791172
20191007T,0.9431705,57.56709,56.01374,1.252533
20191004T,1.337078,57.02467,55.91666,0.7670634
20191003T,0.1038189,55.84118,54.65526,-0.3629875
20191002T,-0.05965614,55.96264,54.6365,-0.4827499
20191001T,0.9829197,57.09251,55.72056,0.8514262
20190930T,1.605688,57.03302,55.7813,0.9500997
20190927T,0.0575428,55.12008,53.5968,0.03373943
20190926T,0.6067162,55.50325,54.72591,-0.161897
20190925T,0.6813698,57.178,54.86073,-0.5515862
20190924T,0.8286743,56.63617,54.4148,-0.4386629
20190923T,0.09318733,56.47141,54.35506,-0.1168845
20190920T,-0.4370518,56.25308,54.27152,-0.503364
20190919T,0.1665916,56.61936,55.23413,-0.2867251
20190918T,0.6374912,56.80928,55.55389,0.3408275
20190917T,0.3349495,56.87647,56.63629,0.9338927
20190916T,0.4680939,54.80595,54.21797,-0.7253053
20190913T,-0.08010864,53.14623,52.80733,-1.658825
20190912T,18.73246,58.30512,56.71268,1.27829
20190911T,37.37819,60.28773,58.60212,4.053071
20190910T,0.9932232,55.44965,54.22322,0.01174123
20190909T,1.597214,55.73648,53.30746,0.839515
20190906T,1.054562,54.9798,53.69544,1.016782
20190905T,2.03525,55.1505,53.41636,0.7716137
20190904T,0.8235111,53.35374,52.3708,0.2694094
20190903T,0.04494095,52.65905,50.94236,-0.1549982
20190830T,0.6851368,53.31943,51.31322,0.5645845
20190829T,0.6605301,53.16821,51.5186,0.5537218
20190828T,0.06646729,52.41002,50.82371,0.02088433
20190827T,0.4058437,52.30334,50.76363,-0.5061182
20190826T,-0.3581676,52.78009,50.72125,-0.7618075
20190823T,-1.475691,51.94025,49.51535,-2.043455
20190822T,-0.09416962,53.88477,51.31641,0.07978775
20190821T,0.7615471,54.32347,53.03476,0.784462
20190820T,1.194494,54.41493,53.01263,1.513178
20190819T,1.698046,53.9207,51.90797,1.266367
20190816T,1.093855,52.37955,50.4352,0.7490129
20190815T,0.1094723,52.08725,49.97704,0.04035176
20190814T,0.9152069,52.67862,50.82921,0.2442288
20190813T,1.575859,54.02736,50.94693,1.779418
20190812T,0.04652786,52.0275,50.29038,0.2055483
20190809T,0.02623749,51.20108,49.44525,0.3551896
20190808T,0.8809929,50.47642,48.97874,1.053656
20190807T,0.1762295,48.99435,47.07307,0.1002114
20190806T,-1.119713,49.89978,47.91166,-1.23309
20190805T,-1.988832,49.87051,47.47264,-2.300688
20190802T,-1.972828,51.04028,49.02145,-2.150934
20190801T,-2.349319,52.32169,49.5913,-1.637794
20190731T,0.3790512,54.85501,52.66621,0.7178198
20190730T,0.00213623,53.37405,52.1268,-0.2476857
20190729T,0.819437,54.117,53.19633,0.6356559
20190726T,0.4562225,53.76449,51.99353,0.6671478
20190725T,0.4317055,53.12445,50.94698,0.365301
20190724T,-0.1034813,52.93688,51.13177,-0.337367
20190723T,0.899044,53.32479,51.81409,0.8606203
20190722T,1.137701,52.83144,51.56007,0.6354878
20190719T,0.4666538,51.58186,50.1814,-0.1957817
20190718T,0.67556,52.06358,51.16283,0.3148401
20190717T,0.311636,51.95728,50.74785,-0.1850196
20190716T,0.5632572,52.11372,50.55038,0.1588412
20190715T,0.8703747,52.18768,50.69588,0.5921142
20190712T,0.86479,51.78123,50.49052,0.3920176
20190711T,1.103039,51.5533,50.10196,0.3646393
20190710T,0.5058823,51.31751,50.43673,0.2302441
20190709T,0.04245186,50.99413,49.9721,0.01590673
20190708T,-0.1986465,50.69299,49.56457,-0.9988385
20190705T,0.2727909,51.40461,50.22681,-0.2440151
20190703T,0.4040718,51.81984,50.74022,0.2808219
20190702T,0.5563908,51.84238,50.68406,0.932691
20190701T,0.7070599,51.52677,50.18019,0.8605307
20190628T,1.600775,51.04679,50.54929,0.7225142
20190627T,0.8264656,50.66907,48.95159,0.3013172
20190626T,1.237469,51.24635,48.88831,0.03576006
20190625T,-1.322193,49.82917,46.64435,-1.465237
20190624T,-0.03523827,51.21332,49.58965,0.4368685
20190621T,0.8531132,51.39844,50.16361,0.8759586
20190620T,0.9350166,51.50066,49.64962,1.153311
20190619T,0.8140087,50.59282,49.31479,0.4231543
20190618T,0.9564934,50.27148,48.67057,0.7507054
20190617T,0.05072021,49.12158,47.84445,0.08854622
20190614T,-0.01817131,48.88205,47.73031,-0.03285415
20190613T,-0.08836174,49.23354,47.53053,-0.3598675
20190612T,-0.2370358,49.49968,48.21321,0.6027573
20190611T,1.764891,50.69652,48.80309,2.051758
20190610T,1.992996,49.84845,47.91719,1.731352
20190607T,1.238901,48.77276,46.39286,1.692602
20190606T,0.9256001,47.53276,45.58167,1.758848
20190605T,1.012165,46.45723,44.77456,1.400818
20190604T,0.7400284,45.97303,44.62555,0.5182906
20190603T,-0.1185532,44.8543,43.06937,-1.396684
20190531T,-0.009428024,44.81093,43.58683,-0.8618356
20190530T,0.4279499,45.82651,44.40143,0.3095799
20190529T,0.3757668,45.45772,44.34857,0.1586835
20190528T,-0.09013748,45.21663,43.81282,-0.6754283
20190524T,-0.6540775,45.52341,43.27882,-1.134898
20190523T,-0.8050442,46.02624,44.03673,-0.7602795
20190522T,-0.5309029,46.17358,45.23892,-0.9199586
20190521T,-0.1265717,47.46448,45.81209,-1.094634
20190520T,-0.5659256,46.67412,44.95542,-1.309367
20190517T,0.1567497,47.86393,45.93571,-0.03611279
20190516T,0.1117496,47.94858,46.51545,-0.2058894
20190515T,0.7283516,48.46977,47.03431,0.8013319
20190514T,-0.5835743,47.94205,45.72842,-0.3632998
20190513T,-2.911848,46.42197,44.52519,-3.093148
20190510T,-1.846785,48.8679,46.58665,-2.66691
20190509T,-1.159386,50.19293,47.87298,-1.451383
20190508T,-1.100271,51.46066,49.14077,-0.5425796
20190507T,-1.039034,51.76135,50.18531,-1.457626
20190506T,-0.8177948,52.26211,51.08566,-0.9311973
20190503T,0.5620861,53.86253,52.49602,0.5409924
20190502T,0.4706879,54.08185,51.83777,0.4747602
20190501T,1.794621,54.68624,52.83871,3.008893
20190430T,0.03466606,51.07703,50.13174,-0.3202135
20190429T,0.4432049,51.31542,50.78844,-0.6969444
20190426T,-0.4111271,51.41271,50.25256,-0.8712454
20190425T,-0.1299915,52.28358,50.82076,0.1576951
20190424T,0.3823948,52.43536,50.79926,0.3507937
20190423T,0.3570671,52.17191,50.89501,0.340831
20190422T,0.3914776,52.10807,50.9985,0.607415
20190418T,1.263008,52.10188,50.90585,0.6762923
20190417T,1.675665,52.07187,50.22336,0.8957435
20190416T,1.470747,51.35149,49.51171,0.004943927
20190415T,0.3063297,50.78867,49.32402,0.2027915
20190412T,0.5868721,50.84929,49.15601,-0.3573874
20190411T,0.1852379,50.59766,49.01408,-0.154731
20190410T,0.5460911,51.15508,49.77784,0.3577222
20190409T,0.7626324,51.15947,49.84645,0.7844722
20190408T,1.0256,51.14834,49.97034,1.0214
20190405T,0.4971733,50.33405,49.22537,0.2493376
20190404T,0.9992867,50.30568,49.16333,0.206942
20190403T,1.743326,50.34119,49.16621,0.7883651
20190402T,1.754129,50.01877,48.36821,1.720837
20190401T,1.371384,48.9268,46.62991,0.8948759
20190329T,0.4669552,47.88996,46.51305,0.2166503
20190328T,0.5465069,47.92524,46.83164,-0.05550747
20190327T,0.6323872,48.41018,46.60812,-0.4109558
20190326T,-0.6044312,47.86489,45.75442,-0.5570804
20190325T,-0.6205406,48.69756,46.96199,-0.2510465
20190322T,0.5257015,49.09946,47.32888,0.472724
20190321T,1.234177,49.47053,47.63834,1.305031
20190320T,0.2660198,48.02827,46.4687,0.7301119
20190319T,0.1650162,47.22075,46.07125,0.2109486
20190318T,0.9344177,47.47082,46.61369,0.9220569
20190315T,1.082964,47.27895,46.1526,0.9278232
20190314T,0.946703,47.00525,45.88229,1.320766
20190313T,0.7468243,46.88737,45.14729,1.422122
20190312T,1.324097,46.00402,44.8187,1.496958
20190311T,1.280937,45.37494,43.48351,0.95003
20190308T,0.01127625,44.09418,43.02704,-0.6162199
20190307T,-0.0152874,43.96729,43.03444,-0.6176583
20190306T,0.2169781,44.38277,43.28957,-0.06004094
20190305T,-0.1872787,44.68425,42.88466,-0.03278224
20190304T,0.3180294,45.21576,43.48055,-0.08701099
20190301T,-0.06318474,44.82227,43.18988,0.01253448
20190228T,-0.3362923,44.69024,42.52768,-0.06570648
20190227T,0.08660889,45.08826,43.50699,0.3964367
20190226T,0.7277889,45.33921,44.1244,0.9732021
20190225T,0.9041824,44.93882,43.11057,0.3632512
20190222T,-0.2797832,44.19154,42.37917,0.5724295
20190221T,-0.1564255,44.09045,42.47897,-0.008677122
20190220T,0.5404816,43.98975,42.771,0.7096646
20190219T,0.2784615,43.63492,42.49841,0.8572704
20190215T,-0.662838,42.88864,41.80589,-0.8345376
20190214T,-0.9012222,43.0771,41.72369,-0.2521637
20190213T,-0.04188919,43.27457,42.09422,0.468092
20190212T,0.09979439,42.79556,42.03941,-0.2844367
20190211T,-0.5637074,42.75372,41.87986,-1.649446
20190208T,-1.017639,43.667,42.22923,-1.867175
20190207T,0.4798622,45.26313,42.90398,0.7276159
20190206T,1.937943,45.91635,44.57603,1.547701
20190205T,1.241161,44.77475,43.52734,1.560357
20190204T,1.422522,44.59165,43.14555,2.345097
20190201T,0.4943123,43.1151,41.35053,1.528782
20190131T,1.030523,42.72497,40.98232,2.050111
20190130T,1.323158,42.5788,40.69324,2.376317
20190129T,-0.268261,39.98176,38.32471,0.1669057
20190128T,0.2419548,39.97428,38.34909,0.6634754
20190125T,0.7556095,40.20441,38.36351,0.4881405
20190124T,-0.01483154,39.20377,37.18991,-0.9146303
20190123T,-0.3193245,39.5856,38.22736,0.8820407
20190122T,-0.3331947,39.29256,37.40881,0.424314
20190118T,0.4071865,39.59412,38.37676,0.8162242
20190117T,0.05194092,39.17626,38.46394,0.02507829
20190116T,0.4614067,39.1669,37.37592,0.3716544
20190115T,0.00626564,38.87181,37.14512,0.05528188
20190114T,-0.02276039,38.6312,37.41826,-0.1867209
20190111T,0.2471619,38.98534,37.94911,0.00605035
20190110T,0.5985622,39.28149,37.65128,0.3839988
20190109T,0.8332443,39.37464,36.84488,2.302338
20190108T,0.3205624,37.97063,36.97781,1.087146
20190107T,-0.2961693,36.77814,35.45974,-1.322879
20190104T,-1.130739,37.47653,36.10884,-2.212044
20190103T,-2.017557,36.86128,35.30954,-3.385264
20190102T,-0.1442051,40.61452,38.08347,0.3835972
20181231T,-0.1096745,40.87632,38.33723,2.164817
20181228T,-0.2631454,40.15001,37.55013,1.042035
20181227T,-0.135498,38.73307,36.90774,-0.2986849
20181226T,0.1291389,39.26157,37.14172,-0.1413008
20181224T,-1.112965,38.07161,36.18946,-2.488482
20181221T,-1.967655,39.4323,36.67323,-2.623329
20181220T,-1.931747,40.71643,38.46743,-2.614271
20181219T,-1.387754,41.41787,38.90295,-1.730518
20181218T,0.5273075,42.80963,41.20691,-0.3129098
20181217T,-0.2751122,42.58979,40.42677,-0.9696734
20181214T,-0.4588261,42.57634,41.13813,-0.9600803
20181213T,0.3139267,43.65394,42.20936,0.48012
20181212T,-0.2535267,43.30326,41.71875,0.5855548
20181211T,0.2123432,43.186,41.73654,-0.2680571
20181210T,-0.6529045,42.60514,41.09918,-2.228559
20181207T,-1.026545,43.44787,41.23802,-1.484032
20181206T,-0.9787331,45.6486,43.82294,0.9473053
20181204T,-0.9171753,44.40233,43.38387,-0.6462458
20181203T,-1.916231,44.70213,42.65288,-0.8903801
20181130T,-0.3361435,45.38983,43.07841,0.02354637
20181129T,-0.05538368,45.49509,43.87067,0.3169021
20181128T,0.7544632,46.31495,43.96384,0.2429139
20181127T,-0.06731415,44.80436,42.49467,-0.05524478
20181126T,-0.2845612,44.70466,42.23998,-0.268267
20181123T,-1.259424,43.75428,41.64712,-1.657659
20181121T,-0.4645596,45.22733,42.95568,-1.465574
20181120T,-1.864546,45.69279,43.84906,-3.030543
20181119T,-0.833334,47.53512,46.05069,-1.632742
20181116T,0.3265915,48.89416,47.4013,-0.4852833
20181115T,-0.2086048,48.8345,47.5347,-0.9122615
20181114T,0.5382118,48.72008,47.1712,-1.792388
20181113T,-0.4754639,49.57681,47.55424,-1.287502
20181112T,-1.766754,50.35638,47.59834,-0.9946661
20181109T,-1.743315,51.12208,49.19153,-1.389745
20181108T,-1.477489,52.22331,50.79424,-1.234476
20181107T,1.240211,54.35023,51.89325,0.03041226
20181106T,0.6199131,52.77899,51.24001,0
20181105T,-1.993649,52.29488,49.88889,0
20181102T,-1.007418,52.96828,50.79505,0
20181101T,0.9170303,56.03538,53.12448,0
20181031T,1.659855,56.4662,54.19609,0
20181030T,0.3708019,55.57093,52.7155,0
20181029T,-0.3612137,55.34849,52.10416,0
20181026T,-0.0006828308,55.58634,53.15064,0
20181025T,-0.0765686,55.98682,53.87604,0
20181024T,-0.379303,55.17047,52.9281,0
20181023T,0.2577686,56.51028,54.18336,0
20181022T,0.7630081,56.61753,54.94811,0
20181019T,0.3408165,56.93275,54.35654,0
